"Hugo_Symbol","logFC","logCPM","LR","PValue","FDR"
"KRT23",4.93078977174698,-1.68842920606618,256.494125498436,9.97086135631741e-58,1.87970678289296e-53
"LAMA3",2.90229075400878,2.68070257003312,154.744455265708,1.5923496314387e-35,1.50094876259412e-31
"S100A2",2.20737680490739,5.10125548281885,96.2209597133337,1.02751329317113e-22,6.45689353428736e-19
"HEPHL1",2.48955682187463,-1.29358710349396,86.7058369455434,1.25924610899665e-20,5.49804617553724e-17
"TMEM249",1.99167538498736,-2.12480532358119,86.4157183026713,1.45821296826258e-20,5.49804617553724e-17
"KRT5",3.70075703375106,3.32426387413169,82.5460344978807,1.03237537081569e-19,3.24372341510289e-16
"LOC441601",2.87544631228402,-2.9062056054674,75.0847644037966,4.50932641510897e-18,1.15480979246151e-14
"CLCA2",3.28427814122772,1.24888616806192,74.9205085877317,4.90052956699134e-18,1.15480979246151e-14
"TFPI2",2.26167247612914,1.21414976015133,63.1947119126673,1.872504134442e-15,3.92227199361118e-12
"KRT6A",3.28716767641169,3.40759012825844,59.7141653495302,1.09684229847545e-14,2.06776710108593e-11
"KRT14",2.68425551486303,1.91152544027332,58.7893759508402,1.75486260788103e-14,3.00751544397937e-11
"ANXA8L2",2.55429428171842,0.331827423127249,52.2781112053507,4.81714013560075e-13,7.56772715302879e-10
"C3orf45",1.99334046601691,-2.2019410386412,51.6880523288818,6.50574418349674e-13,9.43432994979081e-10
"KRT75",3.69543894895325,-2.12836958599092,51.5337662828555,7.03762138780551e-13,9.47665988592211e-10
"MATN1",-6.09238017519501,2.72246070187233,49.8822657523878,1.63253554480985e-12,2.05177067271702e-09
"RNASE7",1.83043678947322,-2.55545578143648,46.8779966244251,7.55461425463822e-12,8.37762281931998e-09
"MMP10",2.41628020125649,-1.19454699628982,45.7200639105261,1.36418297347878e-11,1.42875430089011e-08
"KRT6C",3.06928681573957,-0.315499375389428,45.5490948590153,1.48860456419769e-11,1.47700911811868e-08
"MANCR",2.08492154419344,-2.34401010418281,45.301309944739,1.68936099736766e-11,1.59239167611875e-08
"WNT4",-2.49103037843762,2.58191653180781,41.0339294328334,1.49609289811638e-10,1.22627579631696e-07
"LCE1C",1.97172742106678,-3.19828084939691,40.7134125197539,1.76273119474393e-10,1.38462535347136e-07
"TRPV6",-2.66161676814653,1.64747795666307,40.3372414730567,2.13696406439923e-10,1.61144186168217e-07
"KRT6B",3.07741696833372,1.38864642127374,40.1543708911179,2.3466584961123e-10,1.70150792187343e-07
"FAT2",1.56992590043667,2.52450807533562,39.1027000589772,4.02087530561142e-10,2.6763794502938e-07
"ALDH3B2",1.52000688046049,-0.623397361129779,39.0565429956125,4.11707002220031e-10,2.6763794502938e-07
"IGDCC3",-2.21639777358821,1.63081594720872,37.8065203720416,7.81202296697623e-10,4.75071796688503e-07
"ODZ2",1.95871708400306,1.01062176996283,37.6278386015611,8.5613849126317e-10,5.04372588665415e-07
"ACTA1",-5.54077795337628,1.98874857400804,37.4591768771111,9.33464548917345e-10,5.33262838672418e-07
"SERPINA11",1.87619283613614,-3.15279085349834,37.2612074369634,1.03319509074144e-09,5.72876289725227e-07
"GPR87",1.95148713897562,-0.268094833476168,37.0270817233004,1.16499870619689e-09,6.27501588834966e-07
"CDH17",1.75227011101544,-2.03156550805603,36.1957251527398,1.78461597639775e-09,8.85357378606588e-07
"CCKAR",2.71957508315567,-3.13283433451918,35.9581725739886,2.01599021573786e-09,9.74498655053593e-07
"DUOXA2",-1.52189457726204,6.07915788964364,35.8487952051476,2.13239853931625e-09,1.00499943157975e-06
"NEB",-3.35321230962204,3.71090282839557,35.5990273746586,2.42408544628842e-09,1.0880680674626e-06
"TPO",-3.17428468411806,10.2914467653269,35.362662474314,2.73683453414523e-09,1.19987917762107e-06
"GRIK4",-2.51595109946597,1.38718646636573,35.0578635315493,3.20051895438419e-09,1.35503347811525e-06
"PITX1",2.1690190672527,-1.8175314414139,35.0373072184613,3.23448475043424e-09,1.35503347811525e-06
"CIB4",-3.99633112869848,-0.770405997185767,34.9289367421686,3.41960743665709e-09,1.36287429376498e-06
"FLRT1",-2.69580609074726,2.42848767935394,34.8324307697512,3.59337638538842e-09,1.38249656361924e-06
"SLC29A4",-2.01280441008095,3.45782974438707,34.2358107138803,4.88222219918973e-09,1.76143470188894e-06
"ITLN1",1.62977901590843,-1.83544006960411,34.1761563947856,5.03420101140766e-09,1.76143470188894e-06
"MYBPC1",-4.95811772396908,0.940795676953368,34.1717996084601,5.04548450572897e-09,1.76143470188894e-06
"PPP2R2C",-4.16850579551738,0.990924665692091,34.1146852661316,5.19576673621977e-09,1.78091990020391e-06
"SLC14A2",-3.83110371845937,2.30302356040187,33.7133869698662,6.3859706987501e-09,2.11207578268135e-06
"KCNAB1",-2.15443595584274,5.59776335219838,33.6701317851984,6.5295602335679e-09,2.122332233159e-06
"TCAP",-2.42113377767819,0.52929609887486,33.512379984177,7.08118316494321e-09,2.22490775042516e-06
"AMTN",2.08920270901496,-2.29911730944257,33.4195545575307,7.42734109391320e-09,2.29541367708937e-06
"CA4",-2.8425289726169,3.51739391936235,33.1253141471954,8.64064324851617e-09,2.54520947689104e-06
"SERPINB5",2.46443277331946,-0.00993276179625316,32.8728709673898,9.83867224067864e-09,2.85351767817344e-06
"CXorf49B",1.63866357412702,-3.06341314230375,32.7228520431036,1.06280347842738e-08,3.03575320838075e-06
"GLDC",-3.47438176184437,2.66594809410664,32.4659938836118,1.2129655832771e-08,3.41295927999104e-06
"SLC47A2",-3.1904451832745,1.14988322802394,32.003274681342,1.53912906592709e-08,4.20516828273298e-06
"MYH7",-6.59597596972386,1.72428236715822,31.8851715754256,1.63561023069756e-08,4.40493200987293e-06
"UCN2",1.86206528770939,-2.36507892957842,31.5085665122868,1.98562324892916e-08,5.2722492237764e-06
"APOA1",-3.27999933352711,2.24666337520063,31.3931224595965,2.10726024193434e-08,5.51750973346474e-06
"C3orf51",1.75714461548224,-3.24804466473961,31.2554617192013,2.26210175073667e-08,5.8418003020394e-06
"FAM19A2",-2.28518333106065,3.14276809270275,31.2060736614663,2.32038951821889e-08,5.8603922598463e-06
"AGXT2L1",-3.92834697404611,0.069104497646592,31.0216670738985,2.55163995652965e-08,6.16711749493551e-06
"CACNA2D2",-1.5306330225281,3.98372813898634,30.9953197408723,2.58651389179233e-08,6.17227340355304e-06
"MSI1",-2.30139826640795,1.3587567619835,30.9607665595679,2.6329740068734e-08,6.20460324719717e-06
"FHL1",-1.5112016595287,7.872155985922,30.6840719024227,3.03647446942702e-08,6.89682128887207e-06
"LGI3",-1.78328360139959,4.46514990264241,30.5644940119049,3.22950168892294e-08,7.24792450471134e-06
"MT1G",-3.37765485613771,8.27409713253791,30.3468745947225,3.6128863137984e-08,8.01295679855616e-06
"PYGM",-2.33116887115743,2.8868074018484,30.2614974545261,3.77546560751124e-08,8.17217033737853e-06
"UPF0639",-2.76185701248415,-0.114264113996526,29.968225105342,4.39184463833932e-08,8.99946251325791e-06
"KIF5C",-1.72703329567517,2.80340379333364,29.901538379558,4.54552035184217e-08,9.21420964225038e-06
"RPH3A",-2.77440365624501,-1.01187486057389,29.6377520721011,5.20806646391673e-08,1.0349985528442e-05
"SRRM4",-3.36658586148191,-0.611402616054127,29.6200163182913,5.25593753423896e-08,1.0349985528442e-05
"ATRNL1",-2.36521342550123,0.960051060415737,29.5093002774902,5.56490275579815e-08,1.08154171909595e-05
"UNC5D",-2.79845209723976,0.318549259045378,29.2612810739652,6.32469303300808e-08,1.18052587186404e-05
"LECT1",-3.98049738063793,3.0060343701046,29.2127571362097,6.48508142840851e-08,1.19859563812115e-05
"SLC26A4-AS1",-2.40296157611193,8.40652043883071,29.1599525275548,6.66425298336497e-08,1.20802401194612e-05
"TPTE2P1",-2.38923588423793,1.51270824193962,28.9705338141345,7.34876748386239e-08,1.29475667855863e-05
"DIRAS2",-1.76600860006661,1.17509378951109,28.9275238322821,7.51376202100649e-08,1.31156890388902e-05
"UGT3A2",-3.25103728206372,-0.172807695699133,28.879900396538,7.70078873620387e-08,1.33188320417354e-05
"GDF6",-4.36682505933949,3.21608409781986,28.5023223309499,9.358616876939e-08,1.54761969617591e-05
"DHRS2",-3.58857017947433,2.16076868460703,28.2735914993709,1.05323122503835e-07,1.66853067684226e-05
"ATP2A1",-2.21776229862044,-0.0183528476617377,28.2560404827291,1.06282443503887e-07,1.66969718744606e-05
"ENO3",-1.83874041496595,3.68900948278395,28.239169458912,1.07212849690458e-07,1.67039391930951e-05
"SOX3",-5.09909291105224,0.616640510891008,27.961352484316,1.23762728039627e-07,1.85632200997867e-05
"MMEL1",-3.89496016850715,0.00766886081534114,27.9565558132347,1.2406989882098e-07,1.85632200997867e-05
"BEX1",-1.86258292344301,3.43162935474027,27.9172244824831,1.26617600576247e-07,1.87952362682158e-05
"CYP26A1",1.66263558416256,-0.958186581150876,27.884704512968,1.28763642848874e-07,1.8817458875868e-05
"CSMD3",1.83497966349219,-2.68672069706618,27.8680798731761,1.29874769896199e-07,1.88338397083318e-05
"GPX2",-4.5355391829881,0.405023228060434,27.822357707844,1.32980468288816e-07,1.88492314900808e-05
"KCNK16",-3.91634156523185,0.221789869152735,27.761757699444,1.37211746887621e-07,1.92412265858731e-05
"CLCNKA",-2.29969636876336,2.86830092136682,27.7346511594742,1.39147831136597e-07,1.92412265858731e-05
"C18orf16",-2.09887871907868,-0.605494893408552,27.7045979210085,1.41326403946687e-07,1.92412265858731e-05
"C12orf39",-2.2204878356054,0.180385186833597,27.5849568348831,1.50343494308987e-07,1.99089069746887e-05
"NPR3",-2.0472877373956,2.17988384716421,27.5628317095086,1.52073127750646e-07,1.99089069746887e-05
"ACTN2",-3.7973452117106,0.331885692245099,27.3295400039962,1.71570223935136e-07,2.18543369028728e-05
"CSAG1",-4.7795737293044,-0.0752017187061494,27.2867150797846,1.75412469288231e-07,2.21745546528297e-05
"GPR158",-2.02173169022289,-0.00269960673220146,27.2754587289284,1.76436621998963e-07,2.21745546528297e-05
"GCK",-2.10630800876979,-0.346181200644047,27.2365195585293,1.80025926760644e-07,2.24601383513698e-05
"KRT17",1.92342163842208,5.37007368664688,27.2251068984012,1.81091715966911e-07,2.24601383513698e-05
"MRO",-2.30425610189388,2.21547860577219,26.9992451493507,2.03534930629743e-07,2.47887948284858e-05
"MYH3",-1.80100041408769,2.33169271230939,26.9966159847726,2.03811966816004e-07,2.47887948284858e-05
"SLC4A4",-1.85239926810485,5.02310049236685,26.9443186218949,2.09401768489391e-07,2.5015407417012e-05
"HS6ST3",-2.07930794933942,2.09179999152299,26.9419737217795,2.09655971349878e-07,2.5015407417012e-05
"BET3L",-2.44573016856918,-1.42253134038859,26.8308852596753,2.22059883513612e-07,2.61642057749913e-05
"CACNA1E",-3.49921352234793,0.560255245740046,26.4737152690805,2.6714849869544e-07,2.98004940674937e-05
"MEGF10",1.54490032821074,-0.58247158194901,26.4467231877051,2.70907648908282e-07,3.00420646895231e-05
"PAX7",3.86169908617687,-2.53470130993092,26.3716080084601,2.8165027737764e-07,3.08442422196282e-05
"CKM",-4.6361685320821,1.15044259431537,26.3620346226311,2.83049750901532e-07,3.08442422196282e-05
"MT1H",-3.59288074226902,5.0515942198773,26.2883421891695,2.9405834172395e-07,3.18597003343673e-05
"CAPSL",-2.17454855198644,0.967842049715548,26.2281665126364,3.03365312236071e-07,3.23109766456181e-05
"FAM167A",-1.80389804527866,6.44364200154799,26.190930210985,3.0927170743331e-07,3.27550012838919e-05
"RETN",1.99791945620025,-0.505026009050648,26.1087676470281,3.22715286924126e-07,3.34650551133076e-05
"MSMP",-2.558104395785,3.82176314526008,26.1030299133224,3.23675698525589e-07,3.34650551133076e-05
"IGFL1",1.99091733142138,-2.17907318511084,26.0930227057824,3.25357618090812e-07,3.34650551133076e-05
"LRRC50",-1.5735934882424,0.555428822520722,26.0864554983899,3.26466132332295e-07,3.34650551133076e-05
"C5orf23",-1.76055246216227,4.08003078922644,26.085504969422,3.26626890560608e-07,3.34650551133076e-05
"KCNJ13",-2.27052602615483,1.39133360148873,25.9712511464135,3.46539612250753e-07,3.4935640482092e-05
"COL25A1",-1.73962028977881,1.01595469787716,25.7786555063961,3.82899582397747e-07,3.75959527466787e-05
"ABCC8",-2.65656358478272,2.86144399211982,25.7665689098145,3.85304963834665e-07,3.76361097316638e-05
"ARSF",-6.0813060868125,0.0298183873706592,25.6981384638988,3.99211949273726e-07,3.8793524060352e-05
"TRPM3",-2.59140392491655,-0.739532729631128,25.6758038556246,4.03859022152591e-07,3.90438476185675e-05
"LHX2",-5.36921274954702,1.03415914744952,25.438329044612,4.56752469521582e-07,4.30534877771043e-05
"XIRP1",-2.91391707179313,0.578351600310197,25.4255418899959,4.59789998699582e-07,4.31241843556443e-05
"ATP12A",-5.1791978924723,1.67466665191176,25.3944562445823,4.67258976625863e-07,4.33929370805457e-05
"KCNT1",-3.53281446883856,-1.13840847535338,25.3135862779466,4.87264512927692e-07,4.50289735182002e-05
"SSPO",-1.74370321218955,0.884983571639501,25.2517418844089,5.0314109405878e-07,4.62693458790054e-05
"SELV",-2.60238958362748,1.02794078177222,25.2362998208213,5.07185621885955e-07,4.64148706009418e-05
"AKR1C2",-3.22838901367938,3.46954407076069,25.143606890892,5.32157790665819e-07,4.82319166809231e-05
"HGD",-1.88636327767657,4.40273960194553,24.984618530534,5.77895069534026e-07,5.11477833373496e-05
"KCNK10",-1.66488751305242,-1.36031940443979,24.8858240293966,6.08280796429544e-07,5.35823308296386e-05
"RBM46",-3.31648937613585,-1.65670589780582,24.859449575729,6.16660170571329e-07,5.3820729331531e-05
"EDN3",-2.799642572396,4.5135563913417,24.8333675466415,6.2506045329553e-07,5.40120281469514e-05
"TMC3",-1.71421413895025,-0.698816085776557,24.8274612576038,6.26978578581418e-07,5.40120281469514e-05
"LOC284798",-2.0913162280655,-1.84160293031117,24.790052703192,6.39265193062276e-07,5.47792155436819e-05
"BMP8A",-2.64731996497199,6.93703189403524,24.768281104087,6.46526781748602e-07,5.51507823055414e-05
"ONECUT2",-1.88336209941515,-0.820094543701762,24.5620290012687,7.19557427205435e-07,5.89786809464211e-05
"MGC42105",-1.64077986640156,-0.126868558827351,24.5353849011473,7.29576241293493e-07,5.95410013024455e-05
"DGKI",-1.82167022329013,2.44323634193976,24.3863656136847,7.88245979717506e-07,6.27004776777824e-05
"SLC26A3",-3.2528913563706,-1.71921462914183,24.3655431675882,7.96812252281817e-07,6.31155654622555e-05
"DIO1",-2.78084339830221,6.76897558275944,24.2229129649292,8.58053705613126e-07,6.76821274402454e-05
"CUX2",-3.54259442761249,2.74825727467814,24.1881692074319,8.73673270470943e-07,6.86270353954925e-05
"TDH",-1.95917040518385,-0.68989395010336,24.0936707455401,9.17614042453215e-07,7.14828922658182e-05
"ANXA8",2.00547065706823,1.50815516568992,23.8829642162088,1.02373711836988e-06,7.74889726921652e-05
"MPPED2",-1.73697566585627,3.84277599289597,23.8629835242214,1.03441828984121e-06,7.76926438250456e-05
"SH2D6",-2.0775473589071,-0.725170142741572,23.8037081998095,1.06676748751587e-06,7.9175986908068e-05
"AKR1C1",-2.46317432005702,3.79598410192015,23.6363365133254,1.1636923476269e-06,8.44661373427157e-05
"ZNF536",-2.54160242642117,0.570303362258658,23.6219218883549,1.1724419913147e-06,8.44661373427157e-05
"FOXJ1",-2.19816544109823,1.85223369267485,23.6195507967009,1.17388754422828e-06,8.44661373427157e-05
"C4orf17",1.50416544852159,-3.05278622380696,23.5975255510651,1.18740110325671e-06,8.51136334547357e-05
"BCHE",-2.5479663591426,2.00219611253792,23.5549600927219,1.21396078931973e-06,8.63607124537943e-05
"MT1F",-1.87280798194148,7.00951336292914,23.5390479030523,1.22404185587573e-06,8.64256069923943e-05
"CST4",1.82377051579014,1.57059210741643,23.3402747992845,1.35728018573509e-06,9.27081379039055e-05
"PRRT4",-2.7494209225211,1.95578132252931,23.263456156106,1.41258649648565e-06,9.5448317676514e-05
"C11orf9",-2.02822088943029,3.30894817608984,23.253887542194,1.41963197789709e-06,9.55817930261281e-05
"SLC35F1",-1.65357007421774,1.32686913462428,23.2238149371512,1.44200506043929e-06,9.6668981195087e-05
"KRT16",2.10749013906748,0.836774749445944,23.2184478377515,1.44603504652103e-06,9.6668981195087e-05
"MMP7",1.72308225736661,4.48332812250947,23.1337484015468,1.51114990455113e-06,9.90140111723125e-05
"SLC7A10",-2.38421023358848,-0.783067383769347,23.0350096785344,1.59078003542772e-06,0.00010376949905842
"KHDRBS2",-1.74607293988962,1.17041276611131,23.0248402448843,1.59921680947166e-06,0.000103960121697102
"COL9A3",-3.33957826680243,7.00730483758699,22.8997907060527,1.70670436160734e-06,0.00010984686141416
"ST8SIA5",-1.98116655011676,-0.76635820023159,22.8378453469383,1.76260480079977e-06,0.00011225887062391
"SERPINB4",2.14850842221695,-2.80559606680518,22.6526129377842,1.94096086709515e-06,0.000121162232670456
"IHH",-5.36283542723325,-0.450174420019886,22.6434079166551,1.950281969289e-06,0.000121342295990219
"BTBD17",-3.7818847653051,-0.408129594221814,22.4223370940259,2.18814344876042e-06,0.000132639486482416
"LINC00930",-1.52992318148391,-1.23158908989163,22.3959604590334,2.21840111259666e-06,0.000133941857161439
"NKAIN1",-3.49641467648959,-0.187904825411946,22.3912588797255,2.22383838805063e-06,0.000133941857161439
"SERPINB13",2.04151597519898,-3.11963932481571,22.3279863828897,2.2983256962561e-06,0.000136196792271037
"KCNC1",-1.55196952923087,-1.87029395029253,22.2921234392107,2.34165135613571e-06,0.000137491653979142
"C10orf90",-2.85603158146543,-0.916542558494781,22.2745168885492,2.36322057614298e-06,0.000137504426856319
"AQP7",-2.11779590251599,0.78757999071888,22.2072777651313,2.44744322215027e-06,0.000141966768073775
"NPY",-5.42089087266721,2.39416563478022,22.0485691854797,2.65837768918496e-06,0.00015216591735967
"UPK3B",-1.76998700107421,-0.386281244687826,22.0258900421052,2.68997405676118e-06,0.000152745153367656
"CEACAM8",2.02622789044147,-2.40291586563819,21.9305328015987,2.82700060872865e-06,0.00015857739516395
"MAFA",-2.64435925320621,-2.28190672235193,21.8595405439055,2.93354398036676e-06,0.000161810677587823
"CA8",-2.23245366078751,-0.0978205818331357,21.8473054520027,2.95230894713906e-06,0.000161810677587823
"SLC26A7",-1.52208677218632,7.76934224719559,21.8471005109832,2.95262428868083e-06,0.000161810677587823
"TMEM40",1.82909080328793,-1.23945565199976,21.7477315367303,3.10957332955572e-06,0.000167970419509411
"C9orf152",-1.88411773335776,-1.26430025770895,21.7348042113704,3.13059759390223e-06,0.0001682560184198
"HP",-3.10245712740641,3.1797772491626,21.5516291114582,3.44429981481097e-06,0.000181882185178758
"FAM26D",-3.11990879793063,-2.45352584606025,21.4200476531221,3.68893797763957e-06,0.000190531119875236
"SLC26A4",-1.59459205481021,7.7784651797705,21.282295635654,3.96375498763161e-06,0.000200697897493478
"C14orf68",-1.91920434987547,-1.1888579543408,21.2788201168216,3.97094821584274e-06,0.000200697897493478
"IRS4",-2.15230487093343,-0.217275107997124,21.2470940799863,4.03721968555318e-06,0.000201333240079007
"GABRG1",-1.89585245163083,-0.680313423150432,21.1672733331512,4.20890559632738e-06,0.000206124058719442
"KIF19",-2.15027231240205,1.43145413227321,21.0072496098535,4.57548773896691e-06,0.000219943205884712
"IL22RA2",1.64053647892565,-0.982683242143747,21.0032427018516,4.58506683177869e-06,0.000219943205884712
"PAPL",1.57561361983013,-2.86694189269297,20.9802678863244,4.64038128300117e-06,0.000222031644535883
"FAM189A1",-1.69486771618689,2.3992535437416,20.8929232582934,4.85685606739866e-06,0.000228332794470323
"ATP2C2",-1.51369072658715,2.4583504209739,20.8209787901906,5.04275569252102e-06,0.000233344601657057
"RLBP1",1.90651997359083,-3.20681237062574,20.8079353897365,5.07721585097233e-06,0.000234023650910832
"ALDH1L1",-2.01705774739575,2.58945233095309,20.6614823663627,5.4807512831543e-06,0.000247184505239294
"LRTM2",-2.72551998622584,-2.02504052319839,20.4648534775315,6.07363612025839e-06,0.000266667371050174
"STXBP5L",-2.13493629249084,2.59011369448786,20.4576839974452,6.09643028344538e-06,0.000266667371050174
"SLC5A5",-3.7170283672457,3.8632530685993,20.4531863469015,6.1107736205005e-06,0.000266667371050174
"CNTFR",-2.94669683971195,2.55339989584183,20.4142165378473,6.23647803315811e-06,0.00027064929412833
"LOC100132354",-1.79156867125972,0.786076369916183,20.407181208716,6.25944686186887e-06,0.00027064929412833
"SHISA6",-1.86677610740803,1.02470912009207,20.3216159745729,6.54569011558967e-06,0.000278879647689808
"KCTD16",-1.70147729938235,-0.461497565077581,20.31636114458,6.56369148426248e-06,0.000278879647689808
"ATP4A",-1.77644881378664,-0.641516182472215,20.2432236101405,6.81945843680669e-06,0.000284425731085575
"COL10A1",1.54210459343473,3.56319030082206,20.2303060782862,6.86566059340025e-06,0.000285200664528861
"ALK",-2.12364788539015,3.21174413362492,20.1367149720892,7.20992848040034e-06,0.00029167719251611
"CGA",1.87121373688854,-2.72764646464272,19.9945507030388,7.76631744036401e-06,0.000308220965798325
"CTRC",-2.54549077890684,-1.81816779706161,19.9906032584554,7.78236684277545e-06,0.000308220965798325
"RFX4",-1.803111518616,-2.14662746712386,19.9539775998627,7.93287517102605e-06,0.000311563672342048
"CTNNA2",-2.16212315279721,-1.50769617156352,19.8552166548637,8.35344600327802e-06,0.000322703205028273
"SMR3B",-4.98390901951975,1.38784327499662,19.805024495398,8.57569506290488e-06,0.000330611458744137
"GPR98",-1.56903225559045,2.64175708643987,19.7864487056486,8.65944484093973e-06,0.000333158886002849
"SLC5A1",-2.68398762700623,-0.712162414978791,19.7168049839406,8.98081360299173e-06,0.000342032925340606
"CPNE6",-2.69394239080683,-1.25324794397871,19.6995874961414,9.06209243621474e-06,0.000342361856928898
"MYOT",-3.41358915324698,-1.07111874609825,19.6327112970224,9.38486331640326e-06,0.000349651073598487
"NOTUM",-3.35092456513004,-0.0901770384134174,19.5249715432282,9.92931512053798e-06,0.000366491448609982
"PYY",-2.23693953060161,-1.82347822308917,19.5240565449905,9.93407225969133e-06,0.000366491448609982
"LEFTY2",-2.7289126832456,-1.07093921855381,19.468564193881,1.02269001514029e-05,0.000372915902619435
"SYNPO2L",-2.06603389485769,-1.91729116624794,19.4354213562552,1.04059098917495e-05,0.000377254256306271
"LINC00964",-1.65942298814886,-2.82244695242165,19.327788339811,1.10092426774893e-05,0.000392336943206103
"IRX6",-2.92795939119792,1.34052759564987,19.2940670746584,1.12053994934818e-05,0.000397823335689488
"SERPINB2",1.53383823864971,-0.646098875101442,19.0150673825939,1.29690312751632e-05,0.000444531231998866
"IGFBPL1",-1.79833308657768,0.846185744590812,18.9203207347522,1.36293132625086e-05,0.000461292304532877
"T",-3.26489354705386,-1.41186084260275,18.844023971346,1.41854837215346e-05,0.000473640138483817
"ASTN1",-2.16304136922133,0.32477636165457,18.8383783106456,1.42275327400733e-05,0.000473882415575727
"C7orf52",-2.27726531107697,1.32315713735141,18.7535357643083,1.4874731433317e-05,0.000489386451973633
"NWD1",-1.88681200449875,1.15315738553024,18.7091842819508,1.52247413318386e-05,0.000498293096506635
"LAMC3",-1.59243633271672,1.44095423411824,18.605719744984,1.60737560617255e-05,0.000517237802523638
"HHIPL2",-2.7086883900028,1.63784725211303,18.6019923002566,1.61052149851962e-05,0.000517237802523638
"SYT3",-1.71890115399639,-0.623581759962102,18.3326136257415,1.85504145556583e-05,0.000576132479741795
"C11orf20",-2.33900208286578,-1.29729030454234,18.3073342202811,1.87982057886323e-05,0.000582868051854105
"TMEM215",-1.96663754422706,4.93984641994867,18.2762763887,1.91071945883618e-05,0.000591228819657932
"GLP1R",-2.04210259286816,0.94318389965519,18.2731037195772,1.91390447297264e-05,0.000591228819657932
"FGF5",1.67789951098692,-3.12555178534764,18.2050746737213,1.98349632528926e-05,0.000604085181330423
"ABCC11",-2.27727334854989,2.02676972286152,18.0977410391972,2.09850244260461e-05,0.000632975488767713
"INSC",-1.5966783540494,-1.11416289291899,18.0660349794992,2.13373980973949e-05,0.00064122123382135
"DLL3",-1.82959353648986,-0.612417217177573,18.0379566858009,2.16544140170388e-05,0.00064367494003368
"HS6ST2",-2.10321665344775,4.30435863817891,18.025729176842,2.17939428023628e-05,0.00064367494003368
"VGF",-3.18437159070376,3.2467644374552,17.9999722343083,2.2090819205722e-05,0.000650712693228548
"C8A",-2.4708526220258,-1.0879850259759,17.9899159379444,2.22078286541114e-05,0.000652121473188954
"MIOX",-1.53736609206554,2.34249233721542,17.986927590055,2.2242719265506e-05,0.000652130238869858
"KIF1A",-2.19821423743538,2.93391318976459,17.9782960008548,2.234380742408e-05,0.000654076797451486
"CLEC2L",-2.10846561886902,-1.92508422727084,17.9636561438979,2.25163174265401e-05,0.000657086093072963
"LRRTM1",-2.23151612192858,1.80855197218477,17.8856882002081,2.3457856296654e-05,0.000677801859424175
"NRSN1",-1.89761500742943,-0.12702226536522,17.874518526378,2.3595942746484e-05,0.000679130859017887
"XDH",1.51771712537226,1.62616627827631,17.832244115791,2.41260014347391e-05,0.00068422740082724
"DNTT",-2.39156955663634,-2.00910017223877,17.8285991672182,2.41722601819935e-05,0.00068422740082724
"C6orf186",-1.76498871671503,-1.90405620643171,17.7948794180135,2.46044524199139e-05,0.000690242763422941
"APOC1P1",-2.37836308429119,-1.79471864829483,17.7710920802729,2.49140019471898e-05,0.000695820392160626
"DLX6",-1.93935281323423,-0.664676506135331,17.766573502417,2.49732439146493e-05,0.000696443186803208
"PCP4L1",-1.8777205717476,1.24684276667606,17.7504335268238,2.51860093309373e-05,0.000698594921686332
"COL29A1",-3.89428182492557,0.769771361530918,17.719871698024,2.55938938515827e-05,0.000704373849474506
"LAMB4",-1.73812161331082,-1.64089314795366,17.3329941543752,3.1369279682343e-05,0.000823450558869052
"C10orf107",-1.91636579834112,-0.522316998139947,17.3065453094399,3.18089316993448e-05,0.000830556759551313
"OLFM3",-2.06057510349625,-1.8207176887999,17.2535661768036,3.27083054473943e-05,0.000843707942355434
"HRNBP3",-2.38843527309951,-2.00250506326273,17.231448984072,3.30912883614137e-05,0.000849914125598598
"ALPPL2",-4.52707965848553,-2.25487873143933,17.1921646158875,3.37826863509418e-05,0.000861801357358531
"PWRN1",-1.6987894287724,-0.596062284175957,17.1544135521223,3.44607765079837e-05,0.000874366835435408
"PLP1",-2.8914807380037,2.38291556228405,17.1115989822475,3.52463904274136e-05,0.000887136317578614
"FMN2",-1.95877017801983,-0.328248670847485,17.1110802163267,3.52560189425448e-05,0.000887136317578614
"CARTPT",-4.4056480115152,4.07220507613786,17.056447266329,3.62849730372403e-05,0.000897695947110307
"SOHLH1",-5.0737306242241,-1.30449395202854,17.0475530786272,3.64553199650497e-05,0.000900728298795698
"NOL4",-1.984802055767,0.00336641871670875,17.0171151986265,3.7044391101703e-05,0.000906962157206888
"PKHD1L1",-2.42207359884105,5.87966468073968,17.0039785751312,3.73015740896085e-05,0.0009120742863
"SLC4A1",-1.93489777421711,-2.24848453165175,16.9943709568437,3.74908034226709e-05,0.000914329399901929
"SLC38A3",-1.50461620588279,2.26277539096683,16.8996709093985,3.9408414470424e-05,0.000943734822084019
"EPB42",-2.40412366444448,-2.87894351831423,16.8081692121144,4.13548914915251e-05,0.00097942514371637
"ORM1",-1.79739840049485,-0.473881585099115,16.7929463291262,4.16879737822274e-05,0.000986074882989399
"FBXL21",-1.85373920766456,-2.23841469961933,16.7667079915485,4.22684213382798e-05,0.000996055348836564
"DEFB131",-1.66710991164946,-2.74836703410129,16.7548299155698,4.25338545009779e-05,0.000999231012911241
"RHBG",-1.67168143006063,-2.98728081855563,16.7295159830906,4.31051362950444e-05,0.0010042161330012
"HMGCS2",-4.06868086223134,-0.0333756876939678,16.728765404061,4.31221925207048e-05,0.0010042161330012
"RYR2",-1.60967571614998,2.66352038538306,16.6944929498586,4.39082742725199e-05,0.00101316864943151
"DGCR10",-1.55332511599286,-1.90149132306789,16.5742204914616,4.67826437815656e-05,0.00106130734123956
"VWA3A",-2.26936737149969,-1.63099532039575,16.5448282679847,4.75133923443312e-05,0.00107272152392255
"LINC01257",-2.39665535529747,-2.06429332593481,16.4964201113953,4.87420175588895e-05,0.00109001721829203
"HSD17B3",-1.5980989658937,-0.894632093595614,16.4804461392206,4.91544158359243e-05,0.00109667663892574
"SLC6A17",-1.65699335075882,0.620341208961243,16.480379211331,4.91561510657886e-05,0.00109667663892574
"WSCD2",-2.1318299315813,4.17886785326968,16.440305576727,5.02062728297484e-05,0.00110700427530575
"OCA2",-1.95729207420376,1.43032275262736,16.3587166960248,5.24145374590195e-05,0.00114101485008942
"ENPP3",-2.06549596433959,1.87308617084128,16.3531477537393,5.25687784244528e-05,0.00114173572679468
"SAA2",1.72410848293849,0.319693955359178,16.3310677496788,5.31848257414711e-05,0.00115288599951138
"SFTPA2",-2.8761104841645,4.52063404117963,16.2800582708395,5.4635929210856e-05,0.00117713889998064
"AQP6",-1.52568735008926,-0.420550714900002,16.272696730534,5.48486107008417e-05,0.00117818179627894
"PNLDC1",-3.79990682703853,-1.09126639187532,16.2495785787677,5.55219427389511e-05,0.00118808134451158
"FAM196B",-2.43514724417211,-0.943641260362281,16.1890185983738,5.73254697246294e-05,0.00121608280986471
"NRAP",-6.30278702067513,0.333113295286223,16.135574736893,5.89659571214029e-05,0.00123651415311756
"APOA5",-2.13944839667858,-2.65628508752312,16.0670264096997,6.11393968251519e-05,0.0012749998992785
"IFLTD1",-2.25970812651849,-2.54421112048537,15.9795005838355,6.40320923459699e-05,0.00131639368037756
"SEMA3D",-2.19019933919714,4.79398118074006,15.9561152802588,6.48280093889362e-05,0.00132552888611738
"PPY",-6.38596407603862,-0.149960898791218,15.9467649256987,6.51490259505121e-05,0.00133064944444101
"CASQ1",-1.82377196431452,-1.09087402362361,15.895513575365,6.69372023672834e-05,0.00135836058738013
"MYL2",-5.8721417202109,-0.0372252648925454,15.8741686061,6.76964214084832e-05,0.00136933735673929
"PTPRT",-2.40461245865745,-0.179591678637924,15.8680624075599,6.79152018575931e-05,0.00136984127035608
"NTRK1",-3.11518788880923,0.504703013973287,15.8171731413831,6.97664105354165e-05,0.0013981825318618
"LHFPL3",-3.13271210139088,-1.95359975542659,15.8062391728936,7.01707356937907e-05,0.00140133337849507
"NEU4",-1.69396269261364,-1.27839089163134,15.7746638890158,7.13516332059461e-05,0.00140998007253511
"HOXC13",1.75538377737611,-3.02718353040788,15.6792051510351,7.50447261717753e-05,0.00146519905766348
"ESRRB",-1.84638360199507,-2.07940694473713,15.6126297005625,7.77336513720196e-05,0.00150301004683622
"ECEL1",-1.57171407085712,1.6940768737363,15.5584260857687,7.99943274459603e-05,0.00154040149235061
"GABRQ",-1.9723063591354,-1.95977663966769,15.5473943133761,8.04624705345468e-05,0.00154625738482903
"TNNI3",-2.63790736437208,-1.27388867755185,15.5398535226249,8.07840557401559e-05,0.00155085643463688
"CNNM1",-1.57146439395326,-1.5683105627265,15.4987229912547,8.25610114136224e-05,0.00157534431899758
"HTR1E",-1.97640295648613,-1.84066699954277,15.4385151534273,8.523332916505e-05,0.0016148931873563
"C20orf200",-2.90437126391567,-1.75066929740264,15.3651941542485,8.8605499256539e-05,0.00166042830217125
"ABCC12",-3.19485624628037,-1.76214167334687,15.3399620037243,8.97967604541741e-05,0.00167298147648825
"SCUBE1",-1.50985531572014,3.00947598520806,15.2977231113814,9.18271269699968e-05,0.00170051571477248
"MAPK4",-1.55208805023903,2.59704766111432,15.2336394923118,9.49961082641998e-05,0.00174208816439367
"AKR1B10",-4.62999198520876,2.54041242784939,15.2243810981705,9.54629533231874e-05,0.00174725009325119
"LRP1B",-2.09455498090347,2.41184803231652,15.1939498923966,9.70137433660989e-05,0.00176535047291284
"MNX1",-4.17510267225316,-1.62401625853806,15.0979202288278,0.000102075685653673,0.0018244506454765
"LIX1",-1.7019967979873,3.39847161677455,14.9777625328691,0.000108785615951508,0.00189305488604399
"UPK1A",-1.8809882662394,-2.97857665869726,14.9433326174123,0.000110788873554793,0.00191789884688242
"SMIM32",-1.95909964822644,-0.681847316030188,14.9201866661502,0.000112156419660038,0.00192917228415241
"PTPRQ",-1.78039846019866,0.313179718198364,14.9075568059118,0.000112909789339584,0.00193623639679499
"PRAP1",-3.75076291712068,-1.36784409086599,14.9064185594635,0.00011297793531055,0.00193623639679499
"MB",-1.84773232820018,1.22331448831122,14.9007886002445,0.000113315606056067,0.00193787488753062
"SORCS1",-1.72804044180331,3.12249140463324,14.8962674150081,0.000113587510647217,0.00193787488753062
"DMRTB1",-3.02376795334019,-1.50598774987801,14.8853935754455,0.000114244156768406,0.00194204764959241
"CADPS",-2.54233919471378,0.377407656691461,14.8646158155567,0.000115509523018037,0.00196002297744017
"ASXL3",-1.6093837514944,0.0572921830581133,14.8294763244294,0.000117681708115611,0.00198703578436274
"KERA",1.65340697650015,-2.39161343939819,14.7727366196095,0.000121276281420233,0.0020304622178812
"GRIN2C",-1.60251996438006,4.40781984651583,14.7561923249658,0.000122345061057771,0.00204472437150807
"KCNK17",-1.51773245342517,2.10359736210843,14.7517127231289,0.000122636076014185,0.00204596044691983
"BARX1",-1.97038700788635,0.0141003427430568,14.6778838859901,0.000127533970615745,0.00210342788472694
"GCGR",-3.40034353336021,0.586220078330798,14.6586650433863,0.000128840966965389,0.00211635475640382
"ZMAT4",-2.32330472199965,2.81044000676402,14.6565420476992,0.000128986167945166,0.00211635475640382
"DPYS",-2.18930314416893,-2.03043640549129,14.6535400669033,0.000129191767784538,0.00211703394043901
"XIRP2",-6.76855131025706,0.26006638506774,14.6327800041294,0.000130622643017584,0.00213388047328206
"CHRNA2",-2.18109503409528,-2.002628921165,14.4466267902098,0.000144187864698108,0.00229951309436176
"CXorf22",-1.75468395050379,-2.5658811746711,14.381465846506,0.000149264269382817,0.00235902626571037
"CNTNAP2",-1.85360513355309,1.82540749842055,14.3350482136204,0.000152989880674613,0.00239651188696597
"C20orf114",-3.20371194272565,0.513949187910734,14.3327242971096,0.000153178847160214,0.00239651188696597
"TRHR",-1.88481446102952,-1.78241143081558,14.2699414095562,0.000158373884944232,0.00243916084609843
"KIAA1324",-1.63167769043525,4.16299055415245,14.2257023851893,0.000162140718064265,0.00248116616973812
"ADIG",-1.60552237019749,-0.483047691998106,14.178334765749,0.000166274039377642,0.00252790176640911
"ECM1",-1.68621656321258,7.66956596229747,14.131135814868,0.000170498210210149,0.00256744516145158
"KIF5A",-1.71858237357192,1.31084497217914,14.1078521801761,0.000172621674430678,0.00258841337590859
"RHOXF2B",-2.78940795018985,-2.67473870058309,14.0758237172033,0.000175586259945311,0.00262086474464687
"ZNF560",-1.89552926956545,0.0422783644841123,14.0403625822477,0.000178928440689939,0.00266022000306524
"CACNA1S",-3.52918236190843,-2.2173812453835,13.9995363497526,0.000182855717673881,0.00270580532934694
"PLD5",-2.17347491409737,-2.09390030664644,13.906349022253,0.000192148302424734,0.00279936614939033
"CYP4F3",-3.14092105182163,-1.74006650931313,13.9027178106739,0.000192519882494036,0.002802613764307
"GPR37L1",-1.52091026208714,-0.68594139169385,13.8457593213851,0.000198444063849433,0.00285795835881551
"C9orf4",-1.5717029209798,-2.73544402134179,13.6526514050095,0.000219930541892599,0.00307348448907286
"SLC45A2",-1.68169735664097,-1.70864843336176,13.6440846245342,0.000220936273895862,0.00308484408795122
"CA9",-2.65185321991768,-1.3337166088649,13.6328054453242,0.000222267510016764,0.00309732097729467
"PAX1",-3.07460058655015,0.234296282591198,13.6284709132279,0.000222781244620888,0.00310182571904946
"MYL3",-2.27488791966661,-1.35805408393306,13.5672555703798,0.00023016566228491,0.00318114594237179
"ZDHHC22",-2.18025411020995,-1.25453115604118,13.5277093080122,0.000235066789917435,0.00322282917163223
"SCGB3A2",-3.46508205183641,-1.4636100357762,13.4626543785842,0.000243359217746238,0.00328639539609748
"CDH16",-1.9159389477131,4.36668126103777,13.4525078161389,0.00024467890017138,0.00329948971819089
"C1orf92",-2.01106366400683,-2.8498927923826,13.3340201511638,0.000260634154363038,0.0034384010343261
"CYP1A1",-1.93891912152256,-1.98087247291201,13.3211604813849,0.000262427712557678,0.00344977128266711
"CHRNA4",-1.87213129859701,1.11778370653817,13.2668077057087,0.00027014683359324,0.00353176706442424
"LMOD2",-5.47201220394,-1.14826772908713,13.2439241071208,0.00027346482425164,0.00356525509460022
"HBG2",-1.80716425508597,-2.0405195645684,13.2016506277817,0.000279702663867494,0.00361408815574366
"OLFM4",-1.9068182418342,-0.678058145193557,13.1478964314419,0.000287842214325712,0.00367144886635204
"CSMD1",-1.69240514649481,2.21125956669075,13.0567613220503,0.00030219152161993,0.00381830734958372
"ARMC3",-2.3780057070418,-2.235545183775,13.0076933070608,0.000310213837953537,0.00389138823771472
"SSX4",-2.20188900050811,-2.3467664799079,13.0053997357199,0.000310594032301448,0.00389138823771472
"PDZRN4",-1.71583610223191,4.06253684267671,13.0023765630879,0.000311095887024448,0.00389169187935295
"C8orf12",-2.19048479057185,-1.89282339525224,12.9914729045593,0.000312912725378471,0.003909231742104
"CNTN5",-1.62547590649513,-0.592617183494698,12.9701224536005,0.000316501320340553,0.00394100587256282
"MIR9-3HG",-1.57099200599915,1.91281501399312,12.9204034933816,0.000325019791110843,0.00403375451087664
"NPPC",-1.87129529839514,-1.99753271513128,12.9163498656313,0.000325724419589674,0.00403718393037774
"TAGLN3",-1.86661786669986,0.894536611758339,12.8616175415386,0.000335390563751685,0.00412648167738055
"AMHR2",-1.598346415445,-2.461052444515,12.8587126202486,0.000335911604684745,0.00412648167738055
"PLA2G4D",-1.80891885010702,-2.67585156798985,12.8423760870359,0.000338857045967131,0.00414873860247039
"KCNG3",-1.97464136358873,-2.66709950378486,12.8421053310444,0.000338906081466391,0.00414873860247039
"ALPP",-4.50112415091341,-1.50627596804937,12.7803539471029,0.000350278646857658,0.0042549060374451
"DYSFIP1",-2.02446502439144,-2.62584657364585,12.7652402114762,0.000353120243623779,0.00427554452973377
"HNF1B",-2.22630457129438,-0.321492277441395,12.6720208552551,0.000371168143888798,0.00443145145572617
"C9orf135",-2.29824981750035,-2.60626290495733,12.6635021854618,0.000372863117080369,0.00444605659911393
"POPDC3",-2.36372216612556,0.0815036423297443,12.6379023233493,0.000378003894174663,0.00449031468996897
"R3HDML",-2.08714449074549,-2.94660304990458,12.5934736622406,0.00038709604214413,0.00456381149874993
"SLC5A7",-2.78979734910423,-0.393041136356227,12.582343514726,0.000389408134813006,0.00458533551373815
"SFRP1",-1.87185378361372,5.75349848786236,12.5757635162556,0.000390781561058056,0.00459290148944294
"FER1L6",-2.36292323038452,0.26600282957937,12.4851019031244,0.000410210335745413,0.00477363287004477
"PTH2R",-1.65226808559143,-2.10558516364747,12.4734182724365,0.000412784032054324,0.00478880281371576
"TMEM132C",-2.24500244906112,-0.139602950598723,12.4492280239657,0.000418164617083497,0.00481860596653918
"ANKRD1",-1.94271109107274,-1.02960176345479,12.32992691474,0.000445753859360021,0.00503828090736223
"KLHL1",-2.96899415171619,-2.84476959475165,12.2868416496418,0.000456163040186077,0.00512499544291139
"ADARB2",-2.32050040648919,-1.92738764494157,12.2868076381433,0.000456171353342102,0.00512499544291139
"KIAA1486",-2.06711617186551,-0.443760455712804,12.2192226198661,0.00047299635196841,0.00524833856816273
"HS3ST4",-1.70799658377533,-1.75850793816046,12.200519457192,0.000477762106217505,0.0052887676021212
"SPERT",-2.06400540124789,-2.50641002602507,12.1699376804872,0.000485659288918893,0.00534792576793164
"TBC1D3P1-DHX40P1",-2.10252938699799,-2.74628108425769,12.1640008298925,0.000487207575552782,0.00535871482749185
"ITGB1BP3",-2.16897522943903,-2.63384084980633,12.100625560819,0.000504049095116311,0.00549267834747554
"B4GALNT2",-1.57515391377712,0.870969806212995,12.0403853238116,0.000520602088087304,0.00563074616444168
"KBTBD5",-2.41492553367361,-2.45376921450612,11.9805968919669,0.00053757361977744,0.00575487670644196
"CPA2",-1.60280399573516,-2.85910237229469,11.8970520607024,0.000562228540043901,0.00592130303737856
"TMEM195",-1.50040068155414,-1.60625425876811,11.82887001784,0.00058319375348935,0.00608432132860057
"USH1C",-1.83493387919901,-0.497266607261368,11.7140735196326,0.000620291859824582,0.00634150875347777
"ABRA",-2.26818815643935,-2.43191941045462,11.6701922146197,0.000635094484547938,0.00644649779670166
"CALCB",-1.92622514093155,2.00133675216043,11.5301037362523,0.000684781928227364,0.00682681592329046
"SLN",-3.31160765817964,-0.794985657820526,11.4687853113227,0.000707749248587056,0.0070002564713343
"NR0B2",-1.95132383789319,-0.791484342261738,11.4166483030957,0.000727888899655882,0.007143238696675
"NKX2-3",-1.77850717948263,-0.126054931998514,11.3844403701213,0.000740618624079974,0.00724553310905847
"TMEM213",-3.08088813547731,-1.89036930722734,11.3533893025485,0.000753104063637765,0.0073258605818881
"LIPK",1.73129065152391,-3.14542387194229,11.1813277531079,0.000826246240152868,0.00779599305273367
"PART1",-1.93914741689509,-0.317754669896394,11.1767362733458,0.000828293461478332,0.00779911454112317
"PRKCG",-2.2837983168276,-2.25720267923652,11.1759477086861,0.000828645577438453,0.00779911454112317
"EPHA8",-1.54521699658166,-2.73814806452435,11.1401874261047,0.000844773554207192,0.00790748313997715
"DSG3",1.80873855103799,-1.12982189045478,11.125784597648,0.000851358556885544,0.00794477114467944
"DLK1",-3.42309560312281,-2.48089416747465,11.078160730492,0.000873503994786779,0.00810398489651592
"SLC5A8",-1.65527825795044,4.19775596713541,11.025827619797,0.000898511547116275,0.00828300229155795
"SALL3",-2.70306145567585,-1.49064162483565,11.0073044097081,0.000907535319979637,0.00834059431335739
"LRRTM4",-2.4329164685387,-2.57961090790969,10.9759088486577,0.000923039758871691,0.00842846096367721
"CDX2",-5.61845091749824,-0.319089500229782,10.9744527101052,0.000923765324517148,0.00842924680435492
"ANTXRL",-1.59687093930643,-3.01131995974325,10.9618361716602,0.000930076093267859,0.00847043213057279
"DPYSL5",-4.39915770655278,-1.91392910069036,10.9555359950559,0.000933243729599523,0.00849107663629837
"RGS8",-2.52068302517905,-1.19138246614237,10.9461410559618,0.000937987639778508,0.00850959720168644
"KLK15",-2.00087257154108,-0.489001186350711,10.9146429174266,0.000954071046548773,0.00858156607242292
"SPHKAP",-2.96507990385804,-0.996153710709187,10.8662660059449,0.000979317818832278,0.00872912506885395
"PVALB",-2.21542695813998,2.41068135035463,10.8427019844032,0.000991858948922559,0.00881590047387463
"CXorf30",-1.83553933230699,-2.44304536795953,10.8293873870643,0.000999016862875736,0.008862807481851
"KCNJ1",-1.53667569125777,1.61148211581834,10.8164505970043,0.00100602170433901,0.00890400054938925
"COX6A2",-3.47315166576356,-2.30179816277261,10.7815877065013,0.00102514711400115,0.00902106730338314
"STAB2",-1.99486929768925,-0.965112600561119,10.7810060587142,0.0010254692993396,0.00902106730338314
"SPINLW1",-1.90581527604139,-1.67788214038485,10.7552196540295,0.0010398562484773,0.00911784650990423
"EEF1A2",-1.55065792269972,2.74399260105441,10.7536577660004,0.00104073419771734,0.0091201507947932
"MYPN",-3.37835900404509,-2.46452392598678,10.5836025352008,0.0011409510869972,0.00973674167943668
"OR3A2",-1.65940844287055,-2.66547783447488,10.5772171465152,0.00114489874551428,0.0097540874544786
"AQP12B",-3.16060631087272,-2.02730040230599,10.5285574268621,0.00117543928400331,0.00993248829315575
"NR1H4",-1.95533500045866,-2.96297532996232,10.5197477702673,0.00118105603543134,0.00997101136585382
"EPHA7",-1.51954364574595,-1.90468427868566,10.4448131964818,0.00122994345064854,0.0102551499034172
"SERPINB3",1.78630469079488,-2.34811852912929,10.3520724635004,0.00129329405124967,0.0106375128508546
"PPYR1",-1.60614955394722,-1.48099513343829,10.3476002741256,0.00129643112846292,0.0106540190208296
"FBXO40",-1.95783294861779,-2.75919271713431,10.3183007285827,0.00131717509616976,0.0107775108129307
"DPP6",-1.65184593257897,3.58298296910788,10.2671668914381,0.00135418592340904,0.0109932707843324
"CXorf59",-1.53608274610607,-2.95058630498312,10.2663683138044,0.00135477221017031,0.0109932707843324
"MDGA2",-1.54125288315167,-2.89714686305616,10.2171270617188,0.00139142426173599,0.011200311777219
"NECAB2",-1.66010280044101,-1.74600682519648,10.1904393824746,0.00141170673143438,0.0113152616075684
"PAX2",-3.86163187109194,-0.0874514428956902,10.1337284028231,0.00145580638556243,0.0115849987254634
"MYOZ2",-1.81556604821828,-2.27380817326435,10.0981839523499,0.00148415510462037,0.0117396090974327
"MSLN",-1.81945729963461,1.63178363684229,9.99498810531259,0.00156966842955275,0.0122379608080763
"CD5L",-2.21293957723249,-1.20145113995873,9.95673028887671,0.00160262431140786,0.0124092594416546
"KCNJ3",-2.52137846267198,-2.00320555851939,9.89543389647133,0.00165689379001094,0.0127388914067236
"COL11A1",1.52420373234644,3.87507101537175,9.89307108516641,0.00165902260545826,0.0127448631451097
"C1orf194",-1.59583648524182,-2.53924482799505,9.87702944230267,0.00167354905608104,0.0128198889903453
"MLN",-4.316473464631,-2.29431830503786,9.87322288186027,0.00167701494907568,0.0128307978165482
"DPRX",-8.19101891696064,0.814660384329172,9.86770979202129,0.00168204754355912,0.0128588646760651
"ZFP42",-2.62435476087996,-2.45742651314441,9.80255002694344,0.00174270049095441,0.0131994333690127
"GDA",-2.27592725175305,-2.25086287183988,9.66978698261642,0.00187323031035655,0.0139078843864944
"ARX",-1.65447023700236,1.17288373506999,9.66880477036,0.00187423205510414,0.0139078843864944
"SBSN",-1.82675971866557,0.745482490897128,9.66772255950002,0.00187533641578977,0.0139078843864944
"CHAT",1.85834869130083,-2.32821655768132,9.64901263583852,0.00189453389927297,0.0140022428986115
"NEUROG2",-2.21605299018556,-1.95518696663267,9.62403558021924,0.00192047270505578,0.0141480075950416
"TTC29",-1.65681246771663,-2.77614526146652,9.60510317049494,0.0019403737481612,0.0142500685236989
"RAG2",-3.22416495862412,1.94564643418928,9.57878057317384,0.00196839101163345,0.0143920850493678
"EIF4E1B",-3.32303990443714,-2.36312967418787,9.52706131006804,0.00202464054306038,0.0146689175702438
"FRMPD4",-2.13212540239879,-2.54785919540642,9.50563296559443,0.00204842085815952,0.0147787332636905
"DACT2",-1.50363408437135,-0.376080878683617,9.46327390082229,0.00209626595952908,0.0150662622451553
"C1orf158",-1.80189102144442,-2.1350069562994,9.44541256082556,0.00211677879375425,0.0151501571070065
"CASR",-3.17239377381952,-1.73111476287604,9.40152555705032,0.00216804971771011,0.015400178326402
"EPHA5",-1.68898635865138,0.105581310626819,9.38102124453962,0.0021924337935228,0.0155499480344213
"GPR158-AS1",-1.73665519967852,-2.946169732672,9.32757864296121,0.00225730436350809,0.0159379330664156
"CPA1",-2.89684881907803,-2.31823785577673,9.30451892045772,0.00228589323294425,0.0160617440281271
"HYAL4",-2.14697887652432,-2.56005346121735,9.2632534038064,0.00233797333363031,0.0163183226379424
"PLUNC",-1.58154295707178,-2.88598419671977,9.17737160546756,0.00245025652179359,0.0169016596958846
"GATA5",-1.92242807312851,1.78550968678876,9.17538713230817,0.00245291476171337,0.016907302025769
"APOA4",-2.74668226783089,-1.33095791961147,9.17475283677123,0.00245376502983789,0.016907302025769
"GPR128",-5.51975102875501,-0.801377762072608,9.16327738522318,0.00246919954239929,0.0169950163465905
"TNNT3",-1.82063667244049,-0.574633775055171,9.02086960578015,0.00266914377788142,0.0179659908531827
"CTRB2",-2.02438104798909,-2.20717325148179,9.01657731426087,0.00267541909864201,0.0179875181339512
"GLRA1",-2.61480431562292,-2.61996868704177,8.90536086624161,0.00284334682844095,0.0187356778782834
"HPR",-1.78800015229883,-2.65623595920038,8.88699590774922,0.00287208900218972,0.0188759773799962
"RNF17",-2.72515069755015,-1.97507218075363,8.81411683627192,0.00298908852513808,0.0194714225555989
"LPA",-1.75327054859984,-2.81544731343192,8.74453432434302,0.0031053139143864,0.0200364419317549
"NPY6R",-1.9845352800672,-1.43730260650031,8.74056086251312,0.00311208783512068,0.0200646647974333
"SLCO1A2",-1.68123015193387,-2.97824318723157,8.6506403765141,0.00326946426118993,0.0207212066346802
"GRIA2",-1.64005897372249,-1.85988076522558,8.621976804084,0.00332131207530273,0.0209409281751194
"SFTPA1",-2.38904120576845,5.83475631198357,8.61539276530368,0.00333333911031577,0.020988680329884
"TMEM190",-2.09735734646987,-2.81372792071591,8.60482531965818,0.0033527352356959,0.0210896778990121
"DKK4",-2.63212612146409,-2.89180115801548,8.56728963491028,0.00342256280734189,0.0214288123693156
"S100A7",1.71720795175597,-2.85712306683219,8.50886854930735,0.00353419744737428,0.0219094673718842
"GJB1",-1.55066823253522,-1.76890487138391,8.50357844172555,0.00354448716303502,0.021944391460603
"KRT25",-1.75638476567797,-2.97646125477273,8.43157062147779,0.0036876168587061,0.0225292577549757
"CGB",-1.57828292467975,-2.97928760518943,8.43140489103581,0.00368795297219685,0.0225292577549757
"MYH2",-8.88817150582633,1.94545290034082,8.38930351688222,0.00377435506231325,0.0228350903834177
"ZNF804B",-2.01791978684624,0.739354725859762,8.34412311516985,0.00386936867575946,0.0232590137180908
"MPPED1",-4.4434428951315,-1.91201031098119,8.30109121110218,0.00396212648885581,0.0236149252506828
"TRDN",-4.34091723027247,-1.60851277794949,8.25952796262041,0.00405386674020822,0.0240307639176942
"WNT3A",-1.56394493687032,-1.59287914920556,8.23305140940897,0.00411343120529451,0.0241878992770468
"KRT4",-1.6729405392241,-2.58566341788971,8.1630300455476,0.00427528849062166,0.0249142932380833
"LGALS13",-3.67627007543161,-0.847922351940134,8.15832626465539,0.00428639110888031,0.0249567868768228
"SERPINB11",-7.16061936130603,0.213481527427387,8.15825824585539,0.00428655187285977,0.0249567868768228
"SYCE1",-2.17480053143417,0.672479519639328,8.09962707765408,0.00442743669101287,0.0255952273839236
"MYOG",-2.082657791429,-2.99410320281965,8.07167552419639,0.00449625218169974,0.0258898430450225
"MYH6",-2.33946138664551,-1.65979345344463,8.03277295768379,0.00459384570019393,0.0263471795375893
"SCRT2",-3.63873617559981,-2.4103276884214,7.95552790335125,0.00479407235610399,0.0271486488607006
"NR0B1",-3.69376830649368,-1.68056560273634,7.64693235809804,0.00568689452185474,0.0307102078275582
"SPAG6",-1.52967350148034,-1.12439912960836,7.63620665732401,0.00572081011423521,0.0308447697040506
"C9orf71",-2.38482118995445,-2.64707867228863,7.62207377134592,0.0057658147821324,0.0309817927264002
"ATP2B3",-4.16184020096343,-0.10339129656548,7.59408438941188,0.00585601283103453,0.0312735074129313
"KRT85",-2.51186756928262,-0.259333471773029,7.53955276795358,0.0060359023052477,0.0319991086216337
"SPAG11B",-2.78901612763253,-2.30265375962111,7.28045602591951,0.00697088371382277,0.035498406205561
"MMP13",1.59779921818239,1.59043642977392,7.11950907104739,0.00762495829983361,0.03783777674874
"CLEC4M",-3.4484748900979,-1.65617803565694,6.98995237850735,0.0081968534568502,0.0397343999404834
"CTRB1",-2.10516655266053,-2.82440740486771,6.96213036483928,0.00832528470010111,0.0400991995826025
"CPB1",-3.01341535436822,-2.70352866925369,6.92083202444886,0.00851973271743229,0.0408167728561712
"ISL1",-2.29476896295985,-1.04668288972529,6.91467367713165,0.00854912416729735,0.0409122043302975
"TTR",-3.03087569366355,-1.3470186691349,6.86612441575033,0.00878449562417589,0.041725007967799
"FRMPD2L1",-2.04980653525236,-2.50048745826023,6.83240103810681,0.0089518849235268,0.0422645867212711
"VIL1",-1.69375325242597,-2.93716628679121,6.77676004948296,0.00923523762840423,0.0432338464789363
"SMPX",-2.21133675129678,-2.39797784224554,6.728617810527,0.00948780921243834,0.0440877937571821
"LGSN",-1.71306895796822,-2.62825301668863,6.66467477229696,0.00983426007410058,0.0453400515815466
"UGT1A6",-1.57075219739698,-1.98036798378677,6.64241020993387,0.00995791244147667,0.0457534889950568
"FOXR1",-2.58509019373325,-2.78434089724201,6.60151044724364,0.0101892294261485,0.0463531257581448
"SMYD1",-4.48217151950307,-2.28274529230564,6.56333505220711,0.0104101086328605,0.0471191759775957
"BEST3",-1.77439735948262,-3.01832217393692,6.47292655531467,0.01095300207018,0.0488146560347595
"NCRNA00230B",-3.85715954521891,-1.73686361459724,6.46379315091934,0.0110094385207421,0.049008249112876
"MYH1",-5.6299527807275,-1.0059576717725,6.44451692397914,0.0111295301573826,0.0493447560035222
"KIAA1239",-2.04558796886335,-0.362868956124048,6.42173502140929,0.0112731970573205,0.04979435588674
"CPLX2",-1.84191158478982,-0.622375992651098,6.41225607337213,0.0113335324333604,0.0499672014578366
